,Y,Y_RF,sig_1,pos_1,bal_1,sig_2,pos_2,bal_2,sig_3,pos_3,bal_3,Y_close,PL1,PL2,PL3
0,805.46,805.4157546016937,-1.0,-1.0,995980.0,-1.0,-1.0,995980.0,1.0,1.0,597270.0,813.5,,,
1,814.42,812.1033750951907,-1.0,-1.0,990765.0,-1.0,0.0,995980.0,-1.0,-1.0,1009695.0,824.85,-5215.0,0.0,412425.0
2,826.68,813.0810591144661,-1.0,-1.0,990515.0,-1.0,0.0,995980.0,-1.0,-1.0,1010860.0,827.18,-250.0,0.0,1165.0
3,828.0,823.4857814646732,-1.0,-1.0,991265.0,-1.0,0.0,995980.0,-1.0,-1.0,1010520.0,826.5,750.0,0.0,-340.0
4,826.5,825.8929979466147,-1.0,-1.0,989525.0,-1.0,0.0,995980.0,-1.0,-1.0,1012260.0,829.98,-1740.0,0.0,1740.0
5,828.73,827.2140147035109,-1.0,-1.0,989015.0,-1.0,0.0,995980.0,-1.0,-1.0,1012145.0,829.75,-510.0,0.0,-115.0
6,830.9,829.6088597112081,-1.0,-1.0,988850.0,-1.0,0.0,995980.0,-1.0,-1.0,1012885.0,831.23,-165.0,0.0,740.0
7,827.5,827.0442141670552,-1.0,-1.0,988900.0,-1.0,0.0,995980.0,-1.0,-1.0,1010970.0,827.4,50.0,0.0,-1915.0
8,828.92,832.0637413396138,1.0,1.0,989435.0,1.0,1.0,996515.0,-1.0,-1.0,1012265.0,829.99,535.0,535.0,1295.0
9,830.05,827.9744414396022,-1.0,-1.0,992205.0,-1.0,-1.0,999285.0,-1.0,-1.0,1009525.0,824.51,2770.0,2770.0,-2740.0
10,826.94,829.1618638753635,1.0,1.0,993235.0,1.0,1.0,1000315.0,-1.0,-1.0,1011770.0,829.0,1030.0,1030.0,2245.0
11,828.71,827.7203645920482,-1.0,-1.0,985285.0,-1.0,-1.0,992365.0,-1.0,-1.0,1019575.0,844.61,-7950.0,-7950.0,7805.0
12,845.59,829.304893491361,-1.0,-1.0,983055.0,-1.0,0.0,992365.0,-1.0,-1.0,1022295.0,850.05,-2230.0,0.0,2720.0
13,853.0,842.4029186764482,-1.0,-1.0,979860.0,-1.0,0.0,992365.0,-1.0,-1.0,1026965.0,859.39,-3195.0,0.0,4670.0
14,861.62,849.6696182918483,-1.0,-1.0,991670.0,-1.0,0.0,992365.0,-1.0,-1.0,1016270.0,838.0,11810.0,0.0,-10695.0
15,840.01,856.8536655577112,1.0,1.0,993920.0,1.0,1.0,994615.0,-1.0,-1.0,1019525.0,844.51,2250.0,2250.0,3255.0
16,840.8,837.8404307869807,-1.0,-1.0,1003045.0,-1.0,-1.0,1003740.0,-1.0,-1.0,1008545.0,822.55,9125.0,9125.0,-10980.0
17,823.0,844.7879289070372,1.0,1.0,1003045.0,1.0,1.0,1003740.0,-1.0,-1.0,1008770.0,823.0,0.0,0.0,225.0
18,825.0,824.4169724063239,-1.0,-1.0,1008495.0,-1.0,-1.0,1009190.0,-1.0,-1.0,1004320.0,814.1,5450.0,5450.0,-4450.0
19,814.13,820.5120329289275,1.0,1.0,1009925.0,1.0,1.0,1010620.0,-1.0,-1.0,1005765.0,816.99,1430.0,1430.0,1445.0
20,819.21,819.616123300134,1.0,1.0,1010385.0,1.0,0.0,1010620.0,-1.0,-1.0,1007335.0,820.13,460.0,0.0,1570.0
21,819.0,819.1973992059793,1.0,1.0,1010960.0,1.0,0.0,1010620.0,-1.0,-1.0,1007345.0,820.15,575.0,0.0,10.0
22,823.5,822.6299726116298,-1.0,-1.0,1008310.0,-1.0,-1.0,1007970.0,-1.0,-1.0,1011670.0,828.8,-2650.0,-2650.0,4325.0
23,831.37,820.4543899382951,-1.0,-1.0,1009210.0,-1.0,0.0,1007970.0,-1.0,-1.0,1012055.0,829.57,900.0,0.0,385.0
24,833.0,828.9808002224833,-1.0,-1.0,1011180.0,-1.0,0.0,1007970.0,-1.0,-1.0,1011800.0,829.06,1970.0,0.0,-255.0
25,833.0,831.7423821093399,-1.0,-1.0,1010320.0,-1.0,0.0,1007970.0,-1.0,-1.0,1014630.0,834.72,-860.0,0.0,2830.0
26,837.4,832.6793201583223,-1.0,-1.0,1009540.0,-1.0,0.0,1007970.0,-1.0,-1.0,1016750.0,838.96,-780.0,0.0,2120.0
27,840.0,835.3334564378737,-1.0,-1.0,1009740.0,-1.0,0.0,1007970.0,-1.0,-1.0,1017070.0,839.6,200.0,0.0,320.0
28,841.0,839.8663327448194,-1.0,-1.0,1011440.0,-1.0,0.0,1007970.0,-1.0,-1.0,1016070.0,837.6,1700.0,0.0,-1000.0
29,837.25,839.6237058829712,1.0,1.0,1013415.0,1.0,1.0,1009945.0,-1.0,-1.0,1017870.0,841.2,1975.0,1975.0,1800.0
30,841.0,842.0378050082694,1.0,1.0,1016165.0,1.0,0.0,1009945.0,-1.0,-1.0,1020520.0,846.5,2750.0,0.0,2650.0
31,849.3,841.8133768948383,-1.0,-1.0,1016180.0,-1.0,-1.0,1009960.0,-1.0,-1.0,1021905.0,849.27,15.0,15.0,1385.0
32,846.53,846.6580800312097,1.0,1.0,1018595.0,1.0,1.0,1012375.0,-1.0,-1.0,1022950.0,851.36,2415.0,2415.0,1045.0
33,849.5,850.2345036523536,1.0,1.0,1018845.0,1.0,0.0,1012375.0,-1.0,-1.0,1022270.0,850.0,250.0,0.0,-680.0
34,846.01,849.2674367834182,1.0,1.0,1019745.0,1.0,0.0,1012375.0,-1.0,-1.0,1021175.0,847.81,900.0,0.0,-1095.0
35,846.08,848.5402577938675,1.0,1.0,1020770.0,1.0,0.0,1012375.0,-1.0,-1.0,1021335.0,848.13,1025.0,0.0,160.0
36,848.75,848.2348715022665,-1.0,-1.0,1022565.0,-1.0,-1.0,1014170.0,-1.0,-1.0,1019850.0,845.16,1795.0,1795.0,-1485.0
37,852.0,849.0495441910903,-1.0,-1.0,1020395.0,-1.0,0.0,1014170.0,-1.0,-1.0,1025440.0,856.34,-2170.0,0.0,5590.0
38,854.9,845.9101990508733,-1.0,-1.0,1022220.0,-1.0,0.0,1014170.0,-1.0,-1.0,1022895.0,851.25,1825.0,0.0,-2545.0
39,847.5,853.6967182853343,1.0,1.0,1022970.0,1.0,1.0,1014920.0,-1.0,-1.0,1021770.0,849.0,750.0,750.0,-1125.0
40,847.5,852.3899562440207,1.0,1.0,1022855.0,1.0,0.0,1014920.0,-1.0,-1.0,1020905.0,847.27,-115.0,0.0,-865.0
41,844.86,848.3709637693368,1.0,1.0,1025425.0,1.0,0.0,1014920.0,-1.0,-1.0,1022270.0,850.0,2570.0,0.0,1365.0
42,851.13,847.5033875629198,-1.0,-1.0,1023495.0,-1.0,-1.0,1012990.0,-1.0,-1.0,1024765.0,854.99,-1930.0,-1930.0,2495.0
43,854.99,851.2568978693802,-1.0,-1.0,1021890.0,-1.0,0.0,1012990.0,-1.0,-1.0,1026370.0,858.2,-1605.0,0.0,1605.0
44,862.9,855.7887707317807,-1.0,-1.0,1022565.0,-1.0,0.0,1012990.0,-1.0,-1.0,1028045.0,861.55,675.0,0.0,1675.0
45,861.6,858.4076147275392,-1.0,-1.0,1020890.0,-1.0,0.0,1012990.0,-1.0,-1.0,1029745.0,864.95,-1675.0,0.0,1700.0
46,864.58,864.0902759437927,-1.0,-1.0,1020200.0,-1.0,0.0,1012990.0,-1.0,-1.0,1030250.0,865.96,-690.0,0.0,505.0
47,867.0,865.4486345360413,-1.0,-1.0,1019505.0,-1.0,0.0,1012990.0,-1.0,-1.0,1031465.0,868.39,-695.0,0.0,1215.0
48,868.39,866.2401799605042,-1.0,-1.0,1018325.0,-1.0,0.0,1012990.0,-1.0,-1.0,1032645.0,870.75,-1180.0,0.0,1180.0
49,870.05,870.864397087899,1.0,1.0,1019650.0,1.0,1.0,1014315.0,-1.0,-1.0,1033620.0,872.7,1325.0,1325.0,975.0
50,873.0,871.7779599892309,-1.0,-1.0,1022150.0,-1.0,-1.0,1016815.0,-1.0,-1.0,1031270.0,868.0,2500.0,2500.0,-2350.0
51,869.87,872.1828174178439,1.0,1.0,1011965.0,1.0,1.0,1006630.0,-1.0,-1.0,1022020.0,849.5,-10185.0,-10185.0,-9250.0
52,847.0,868.6213284848901,1.0,1.0,1013455.0,1.0,0.0,1006630.0,-1.0,-1.0,1022260.0,849.98,1490.0,0.0,240.0
53,848.8,851.3978391003529,1.0,1.0,1009140.0,1.0,0.0,1006630.0,-1.0,-1.0,1017355.0,840.17,-4315.0,0.0,-4905.0
54,840.0,850.6141808290145,1.0,1.0,1007140.0,1.0,0.0,1006630.0,-1.0,-1.0,1015270.0,836.0,-2000.0,0.0,-2085.0
55,829.69,839.030536762553,1.0,1.0,1011550.0,1.0,0.0,1006630.0,-1.0,-1.0,1016525.0,838.51,4410.0,0.0,1255.0
56,838.51,838.2613248968297,-1.0,-1.0,1010305.0,-1.0,-1.0,1005385.0,-1.0,-1.0,1017770.0,841.0,-1245.0,-1245.0,1245.0
57,846.0,837.0979657865439,-1.0,-1.0,1007810.0,-1.0,0.0,1005385.0,-1.0,-1.0,1022765.0,850.99,-2495.0,0.0,4995.0
58,850.94,840.6127628241646,-1.0,-1.0,1008285.0,-1.0,0.0,1005385.0,-1.0,-1.0,1022265.0,849.99,475.0,0.0,-500.0
59,847.6,848.6524374315231,1.0,1.0,1008385.0,1.0,1.0,1005485.0,-1.0,-1.0,1021170.0,847.8,100.0,100.0,-1095.0
60,849.0,849.6233021838655,1.0,1.0,1012390.0,1.0,0.0,1005485.0,-1.0,-1.0,1025775.0,857.01,4005.0,0.0,4605.0
61,853.0,848.5212228481442,-1.0,-1.0,1012835.0,-1.0,-1.0,1005930.0,-1.0,-1.0,1023325.0,852.11,445.0,445.0,-2450.0
62,851.3,853.2236077473942,1.0,1.0,1011335.0,1.0,1.0,1004430.0,-1.0,-1.0,1021420.0,848.3,-1500.0,-1500.0,-1905.0
63,850.8,851.0257853974083,1.0,1.0,1008435.0,1.0,0.0,1004430.0,-1.0,-1.0,1019770.0,845.0,-2900.0,0.0,-1650.0
64,846.7,849.2596750819623,1.0,1.0,1005665.0,1.0,0.0,1004430.0,-1.0,-1.0,1017850.0,841.16,-2770.0,0.0,-1920.0
65,842.12,846.1334263805861,1.0,1.0,1005455.0,1.0,0.0,1004430.0,-1.0,-1.0,1018120.0,841.7,-210.0,0.0,270.0
66,841.7,841.8684091587484,1.0,1.0,1005055.0,1.0,0.0,1004430.0,-1.0,-1.0,1017720.0,840.9,-400.0,0.0,-400.0
67,838.46,842.4612702471521,1.0,1.0,1006555.0,1.0,0.0,1004430.0,-1.0,-1.0,1018000.0,841.46,1500.0,0.0,280.0
68,840.37,840.2183907149057,-1.0,-1.0,1007740.0,-1.0,-1.0,1005615.0,-1.0,-1.0,1016270.0,838.0,1185.0,1185.0,-1730.0
69,841.77,841.6760029949173,-1.0,-1.0,1000675.0,-1.0,0.0,1005615.0,-1.0,-1.0,1025220.0,855.9,-7065.0,0.0,8950.0
70,852.79,840.903587204595,-1.0,-1.0,1000075.0,-1.0,0.0,1005615.0,-1.0,-1.0,1024265.0,853.99,-600.0,0.0,-955.0
71,857.01,854.2088381685812,-1.0,-1.0,999980.0,-1.0,0.0,1005615.0,-1.0,-1.0,1025870.0,857.2,-95.0,0.0,1605.0
72,859.0,855.6145024381802,-1.0,-1.0,998855.0,-1.0,0.0,1005615.0,-1.0,-1.0,1027895.0,861.25,-1125.0,0.0,2025.0
73,861.21,857.9037889740974,-1.0,-1.0,1000010.0,-1.0,0.0,1005615.0,-1.0,-1.0,1026720.0,858.9,1155.0,0.0,-1175.0
74,869.18,862.9407198815944,-1.0,-1.0,995100.0,-1.0,0.0,1005615.0,-1.0,-1.0,1036770.0,879.0,-4910.0,0.0,10050.0
75,882.0,859.8436070714754,-1.0,-1.0,991575.0,-1.0,0.0,1005615.0,-1.0,-1.0,1041795.0,889.05,-3525.0,0.0,5025.0
76,890.0,877.386390541402,-1.0,-1.0,992080.0,-1.0,0.0,1005615.0,-1.0,-1.0,1041765.0,888.99,505.0,0.0,-30.0
77,889.76,888.357863491002,-1.0,-1.0,972210.0,-1.0,0.0,1005615.0,-1.0,-1.0,1062020.0,929.5,-19870.0,0.0,20255.0
78,928.05,889.5078275513704,-1.0,-1.0,974235.0,-1.0,0.0,1005615.0,-1.0,-1.0,1059270.0,924.0,2025.0,0.0,-2750.0
79,923.0,922.652235687303,-1.0,-1.0,969385.0,-1.0,0.0,1005615.0,-1.0,-1.0,1063620.0,932.7,-4850.0,0.0,4350.0
80,934.72,929.4568534223421,-1.0,-1.0,970370.0,-1.0,0.0,1005615.0,-1.0,-1.0,1063645.0,932.75,985.0,0.0,25.0
81,932.61,932.1642481746684,-1.0,-1.0,963325.0,-1.0,0.0,1005615.0,-1.0,-1.0,1070620.0,946.7,-7045.0,0.0,6975.0
82,950.5,936.902651935759,-1.0,-1.0,961075.0,-1.0,0.0,1005615.0,-1.0,-1.0,1074770.0,955.0,-2250.0,0.0,4150.0
83,957.89,946.0673652444606,-1.0,-1.0,964920.0,-1.0,0.0,1005615.0,-1.0,-1.0,1072370.0,950.2,3845.0,0.0,-2400.0
84,948.2,955.0295181453862,1.0,1.0,969620.0,1.0,1.0,1010315.0,-1.0,-1.0,1076070.0,957.6,4700.0,4700.0,3700.0
85,961.0,957.010739213042,-1.0,-1.0,971765.0,-1.0,-1.0,1012460.0,-1.0,-1.0,1075625.0,956.71,2145.0,2145.0,-445.0
86,957.2,957.2668686394087,1.0,1.0,970585.0,1.0,1.0,1011280.0,-1.0,-1.0,1074690.0,954.84,-1180.0,-1180.0,-935.0
87,952.3,958.5229010749373,1.0,1.0,972380.0,1.0,0.0,1011280.0,-1.0,-1.0,1075215.0,955.89,1795.0,0.0,525.0
88,956.25,956.3717444991884,1.0,1.0,971825.0,1.0,0.0,1011280.0,-1.0,-1.0,1074840.0,955.14,-555.0,0.0,-375.0
89,958.0,957.0315044005553,-1.0,-1.0,971215.0,-1.0,-1.0,1010670.0,-1.0,-1.0,1076880.0,959.22,-610.0,-610.0,2040.0
90,962.99,957.3954713814052,-1.0,-1.0,971710.0,-1.0,0.0,1010670.0,-1.0,-1.0,1078270.0,962.0,495.0,0.0,1390.0
91,959.5,959.3273947615692,-1.0,-1.0,978960.0,-1.0,0.0,1010670.0,-1.0,-1.0,1069770.0,945.0,7250.0,0.0,-8500.0
92,939.6,963.0020180289692,1.0,1.0,984905.0,1.0,1.0,1016615.0,-1.0,-1.0,1073015.0,951.49,5945.0,5945.0,3245.0
93,955.0,947.2548728684736,-1.0,-1.0,985155.0,-1.0,-1.0,1016865.0,-1.0,-1.0,1074520.0,954.5,250.0,250.0,1505.0
94,958.0,951.5281399019992,-1.0,-1.0,982335.0,-1.0,0.0,1016865.0,-1.0,-1.0,1079090.0,963.64,-2820.0,0.0,4570.0
95,967.42,957.5109894409372,-1.0,-1.0,980700.0,-1.0,0.0,1016865.0,-1.0,-1.0,1082615.0,970.69,-1635.0,0.0,3525.0
96,972.45,964.2051506574188,-1.0,-1.0,978090.0,-1.0,0.0,1016865.0,-1.0,-1.0,1086105.0,977.67,-2610.0,0.0,3490.0
97,980.0,972.0099456384044,-1.0,-1.0,971590.0,-1.0,0.0,1016865.0,-1.0,-1.0,1093770.0,993.0,-6500.0,0.0,7665.0
98,991.1,968.0731730016877,-1.0,-1.0,970940.0,-1.0,0.0,1016865.0,-1.0,-1.0,1093470.0,992.4,-650.0,0.0,-300.0
99,992.45,992.6163918336584,1.0,1.0,972965.0,1.0,1.0,1018890.0,-1.0,-1.0,1095520.0,996.5,2025.0,2025.0,2050.0
100,996.01,996.0073238831856,-1.0,-1.0,977425.0,-1.0,-1.0,1023350.0,-1.0,-1.0,1090815.0,987.09,4460.0,4460.0,-4705.0
101,990.0,997.07576779727,1.0,1.0,976570.0,1.0,1.0,1022495.0,-1.0,-1.0,1091415.0,988.29,-855.0,-855.0,600.0
102,992.0,992.525101039381,1.0,1.0,977995.0,1.0,0.0,1022495.0,-1.0,-1.0,1094695.0,994.85,1425.0,0.0,3280.0
103,996.5,993.494721172014,-1.0,-1.0,974320.0,-1.0,-1.0,1018820.0,-1.0,-1.0,1099195.0,1003.85,-3675.0,-3675.0,4500.0
104,1002.44,998.1288244038292,-1.0,-1.0,976600.0,-1.0,0.0,1018820.0,-1.0,-1.0,1096210.0,997.88,2280.0,0.0,-2985.0
105,1001.0,1001.878371162334,1.0,1.0,976975.0,1.0,1.0,1019195.0,-1.0,-1.0,1098145.0,1001.75,375.0,375.0,1935.0
106,1005.54,1004.3508874645444,-1.0,-1.0,977745.0,-1.0,-1.0,1019965.0,-1.0,-1.0,1099270.0,1004.0,770.0,770.0,1125.0
107,1005.06,1003.8917999425715,-1.0,-1.0,994700.0,-1.0,0.0,1019965.0,-1.0,-1.0,1082845.0,971.15,16955.0,0.0,-16425.0
108,960.0,1002.1859716176613,1.0,1.0,995605.0,1.0,1.0,1020870.0,-1.0,-1.0,1078175.0,961.81,905.0,905.0,-4670.0
109,967.05,972.5643885723399,1.0,1.0,997820.0,1.0,0.0,1020870.0,-1.0,-1.0,1083010.0,971.48,2215.0,0.0,4835.0
110,974.49,962.0591122965552,-1.0,-1.0,1003565.0,-1.0,-1.0,1026615.0,-1.0,-1.0,1078770.0,963.0,5745.0,5745.0,-4240.0
111,954.55,972.2845905810254,1.0,1.0,1006380.0,1.0,1.0,1029430.0,-1.0,-1.0,1077360.0,960.18,2815.0,2815.0,-1410.0
112,962.0,963.6100052130611,1.0,1.0,1004755.0,1.0,0.0,1029430.0,-1.0,-1.0,1076645.0,958.75,-1625.0,0.0,-715.0
113,969.0,960.6800023007097,-1.0,-1.0,1000830.0,-1.0,-1.0,1025505.0,-1.0,-1.0,1085695.0,976.85,-3925.0,-3925.0,9050.0
114,977.8,960.028562886198,-1.0,-1.0,1005235.0,-1.0,0.0,1025505.0,-1.0,-1.0,1081765.0,968.99,4405.0,0.0,-3930.0
115,969.05,977.8420057742767,1.0,1.0,1010005.0,1.0,1.0,1030275.0,-1.0,-1.0,1086565.0,978.59,4770.0,4770.0,4800.0
116,979.5,975.6663701211418,-1.0,-1.0,1010830.0,-1.0,-1.0,1031100.0,-1.0,-1.0,1086195.0,977.85,825.0,825.0,-370.0
117,976.44,979.6689817146856,1.0,1.0,1016090.0,1.0,1.0,1036360.0,-1.0,-1.0,1090750.0,986.96,5260.0,5260.0,4555.0
118,989.2,980.8223411436937,-1.0,-1.0,1023215.0,-1.0,-1.0,1043485.0,-1.0,-1.0,1084745.0,974.95,7125.0,7125.0,-6005.0
119,960.1,984.5308583357993,1.0,1.0,1018665.0,1.0,1.0,1038935.0,-1.0,-1.0,1072770.0,951.0,-4550.0,-4550.0,-11975.0
120,944.5,975.2657568573537,1.0,1.0,1027355.0,1.0,0.0,1038935.0,-1.0,-1.0,1078210.0,961.88,8690.0,0.0,5440.0
121,961.0,958.1109644384419,-1.0,-1.0,1039790.0,-1.0,-1.0,1051370.0,-1.0,-1.0,1065335.0,936.13,12435.0,12435.0,-12875.0
122,939.01,955.0001029872047,1.0,1.0,1034490.0,1.0,1.0,1046070.0,-1.0,-1.0,1061475.0,928.41,-5300.0,-5300.0,-3860.0
123,934.0,935.0479833317171,1.0,1.0,1027220.0,1.0,0.0,1046070.0,-1.0,-1.0,1057000.0,919.46,-7270.0,0.0,-4475.0
124,916.31,928.2704792206666,1.0,1.0,1034880.0,1.0,0.0,1046070.0,-1.0,-1.0,1063085.0,931.63,7660.0,0.0,6085.0
125,928.0,925.0415460701104,-1.0,-1.0,1034880.0,-1.0,-1.0,1046070.0,-1.0,-1.0,1061270.0,928.0,0.0,0.0,-1815.0
126,932.5,932.5979066788188,1.0,1.0,1039035.0,1.0,1.0,1050225.0,-1.0,-1.0,1067675.0,940.81,4155.0,4155.0,6405.0
127,945.72,930.2699308326497,-1.0,-1.0,1036895.0,-1.0,-1.0,1048085.0,-1.0,-1.0,1072270.0,950.0,-2140.0,-2140.0,4595.0
128,951.0,941.8104308580432,-1.0,-1.0,1038190.0,-1.0,0.0,1048085.0,-1.0,-1.0,1071475.0,948.41,1295.0,0.0,-795.0
129,956.5,950.6083934200076,-1.0,-1.0,1031565.0,-1.0,0.0,1048085.0,-1.0,-1.0,1082145.0,969.75,-6625.0,0.0,10670.0
130,971.0,952.082834134574,-1.0,-1.0,1032915.0,-1.0,0.0,1048085.0,-1.0,-1.0,1081420.0,968.3,1350.0,0.0,-725.0
131,970.7,970.755588243403,1.0,1.0,1036655.0,1.0,1.0,1051825.0,-1.0,-1.0,1086360.0,978.18,3740.0,3740.0,4940.0
132,980.0,971.3049051367257,-1.0,-1.0,1036555.0,-1.0,-1.0,1051725.0,-1.0,-1.0,1087370.0,980.2,-100.0,-100.0,1010.0
133,976.01,977.8832191924893,1.0,1.0,1042520.0,1.0,1.0,1057690.0,-1.0,-1.0,1091240.0,987.94,5965.0,5965.0,3870.0
134,989.48,980.7376858563133,-1.0,-1.0,1040460.0,-1.0,-1.0,1055630.0,-1.0,-1.0,1094070.0,993.6,-2060.0,-2060.0,2830.0
135,995.92,988.8021812888517,-1.0,-1.0,1042325.0,-1.0,0.0,1055630.0,-1.0,-1.0,1093365.0,992.19,1865.0,0.0,-705.0
136,991.97,993.9569412836307,1.0,1.0,1042935.0,1.0,1.0,1056240.0,-1.0,-1.0,1093865.0,993.19,610.0,610.0,500.0
137,992.4,992.5852887157383,1.0,1.0,1031235.0,1.0,0.0,1056240.0,-1.0,-1.0,1081770.0,969.0,-11700.0,0.0,-12095.0
138,972.5,992.229946392698,1.0,1.0,1029485.0,1.0,0.0,1056240.0,-1.0,-1.0,1081770.0,969.0,-1750.0,0.0,0.0
139,972.0,968.5120903168367,-1.0,-1.0,1031735.0,-1.0,-1.0,1058490.0,-1.0,-1.0,1081020.0,967.5,2250.0,2250.0,-750.0
140,970.0,969.6969968453408,-1.0,-1.0,1040480.0,-1.0,0.0,1058490.0,-1.0,-1.0,1073525.0,952.51,8745.0,0.0,-7495.0
141,947.69,967.9269216907927,1.0,1.0,1044960.0,1.0,1.0,1062970.0,-1.0,-1.0,1075595.0,956.65,4480.0,4480.0,2070.0
142,962.0,955.7956466189688,-1.0,-1.0,1053925.0,-1.0,-1.0,1071935.0,-1.0,-1.0,1069305.0,944.07,8965.0,8965.0,-6290.0
143,949.21,950.8112875382519,1.0,1.0,1054820.0,1.0,1.0,1072830.0,-1.0,-1.0,1072770.0,951.0,895.0,895.0,3465.0
144,949.43,948.7363064795288,-1.0,-1.0,1055715.0,-1.0,-1.0,1073725.0,-1.0,-1.0,1071090.0,947.64,895.0,895.0,-1680.0
145,947.64,950.4518074218727,1.0,1.0,1051525.0,1.0,1.0,1069535.0,-1.0,-1.0,1066900.0,939.26,-4190.0,-4190.0,-4190.0
146,943.98,944.398169213831,1.0,1.0,1052430.0,1.0,0.0,1069535.0,-1.0,-1.0,1070165.0,945.79,905.0,0.0,3265.0
147,945.7,945.659460181502,-1.0,-1.0,1052680.0,-1.0,-1.0,1069785.0,-1.0,-1.0,1069870.0,945.2,250.0,250.0,-295.0
148,944.6,943.6869998335229,-1.0,-1.0,1054970.0,-1.0,0.0,1069785.0,-1.0,-1.0,1067280.0,940.02,2290.0,0.0,-2590.0
149,940.1,946.0131032341228,1.0,1.0,1055165.0,1.0,1.0,1069980.0,-1.0,-1.0,1067515.0,940.49,195.0,195.0,235.0
150,941.99,941.7950518526387,-1.0,-1.0,1065410.0,-1.0,-1.0,1080225.0,-1.0,-1.0,1058020.0,921.5,10245.0,10245.0,-9495.0
151,919.46,939.949946356311,1.0,1.0,1070665.0,1.0,1.0,1085480.0,-1.0,-1.0,1062255.0,929.97,5255.0,5255.0,4235.0
152,937.1,926.3790642031967,-1.0,-1.0,1070460.0,-1.0,-1.0,1085275.0,-1.0,-1.0,1066025.0,937.51,-205.0,-205.0,3770.0
153,941.0,932.0506632202698,-1.0,-1.0,1072430.0,-1.0,0.0,1085275.0,-1.0,-1.0,1065800.0,937.06,1970.0,0.0,-225.0
154,942.5,941.7897537380287,-1.0,-1.0,1072190.0,-1.0,0.0,1085275.0,-1.0,-1.0,1068760.0,942.98,-240.0,0.0,2960.0
155,942.0,941.16711021871,-1.0,-1.0,1079190.0,-1.0,0.0,1085275.0,-1.0,-1.0,1061270.0,928.0,7000.0,0.0,-7490.0
156,928.31,943.8890476670564,1.0,1.0,1077760.0,1.0,1.0,1083845.0,-1.0,-1.0,1059995.0,925.45,-1430.0,-1430.0,-1275.0
157,925.78,927.1364098649243,1.0,1.0,1076120.0,1.0,0.0,1083845.0,-1.0,-1.0,1058520.0,922.5,-1640.0,0.0,-1475.0
158,926.39,926.1484998519636,-1.0,-1.0,1068715.0,-1.0,-1.0,1076440.0,-1.0,-1.0,1067870.0,941.2,-7405.0,-7405.0,9350.0
159,941.31,925.5712920558296,-1.0,-1.0,1068435.0,-1.0,0.0,1076440.0,-1.0,-1.0,1068205.0,941.87,-280.0,0.0,335.0
160,944.21,942.5576549305333,-1.0,-1.0,1072035.0,-1.0,0.0,1076440.0,-1.0,-1.0,1065775.0,937.01,3600.0,0.0,-2430.0
161,940.69,942.7283811814586,1.0,1.0,1067040.0,1.0,1.0,1071445.0,-1.0,-1.0,1062620.0,930.7,-4995.0,-4995.0,-3155.0
162,930.34,936.7711942337959,1.0,1.0,1063420.0,1.0,0.0,1071445.0,-1.0,-1.0,1058820.0,923.1,-3620.0,0.0,-3800.0
163,917.2,930.9541211805459,1.0,1.0,1072770.0,1.0,0.0,1071445.0,-1.0,-1.0,1065220.0,935.9,9350.0,0.0,6400.0
164,938.0,930.2120791746487,-1.0,-1.0,1069955.0,-1.0,-1.0,1068630.0,-1.0,-1.0,1069085.0,943.63,-2815.0,-2815.0,3865.0
165,946.0,937.5875485327,-1.0,-1.0,1065305.0,-1.0,0.0,1068630.0,-1.0,-1.0,1074920.0,955.3,-4650.0,0.0,5835.0
166,958.15,944.7095961884153,-1.0,-1.0,1067995.0,-1.0,0.0,1068630.0,-1.0,-1.0,1073655.0,952.77,2690.0,0.0,-1265.0
167,953.95,955.0636310531759,1.0,1.0,1062645.0,1.0,1.0,1063280.0,-1.0,-1.0,1068895.0,943.25,-5350.0,-5350.0,-4760.0
168,942.0,953.3486620354057,1.0,1.0,1062200.0,1.0,0.0,1063280.0,-1.0,-1.0,1067825.0,941.11,-445.0,0.0,-1070.0
169,945.64,945.478469823194,-1.0,-1.0,1060250.0,-1.0,-1.0,1061330.0,-1.0,-1.0,1072040.0,949.54,-1950.0,-1950.0,4215.0
170,949.49,941.7982590480472,-1.0,-1.0,1063995.0,-1.0,0.0,1061330.0,-1.0,-1.0,1068270.0,942.0,3745.0,0.0,-3770.0
171,945.36,948.4683656316626,1.0,1.0,1062930.0,1.0,1.0,1060265.0,-1.0,-1.0,1068885.0,943.23,-1065.0,-1065.0,615.0
172,946.19,945.9087868897728,-1.0,-1.0,1062700.0,-1.0,-1.0,1060035.0,-1.0,-1.0,1070595.0,946.65,-230.0,-230.0,1710.0
173,945.89,947.4462441887912,1.0,1.0,1065005.0,1.0,1.0,1062340.0,-1.0,-1.0,1072520.0,950.5,2305.0,2305.0,1925.0
174,950.0,947.5727374788777,-1.0,-1.0,1071505.0,-1.0,-1.0,1068840.0,-1.0,-1.0,1065770.0,937.0,6500.0,6500.0,-6750.0
175,942.0,947.5598294259053,1.0,1.0,1068350.0,1.0,1.0,1065685.0,-1.0,-1.0,1065115.0,935.69,-3155.0,-3155.0,-655.0
176,937.1,937.1165985236372,1.0,1.0,1064455.0,1.0,0.0,1065685.0,-1.0,-1.0,1061925.0,929.31,-3895.0,0.0,-3190.0
177,931.5,936.2040494473127,1.0,1.0,1067135.0,1.0,0.0,1065685.0,-1.0,-1.0,1065700.0,936.86,2680.0,0.0,3775.0
178,939.79,933.0664402290254,-1.0,-1.0,1064025.0,-1.0,-1.0,1062575.0,-1.0,-1.0,1070275.0,946.01,-3110.0,-3110.0,4575.0
179,947.99,938.0011918015081,-1.0,-1.0,1065385.0,-1.0,0.0,1062575.0,-1.0,-1.0,1069905.0,945.27,1360.0,0.0,-370.0
180,943.75,942.5364814282344,-1.0,-1.0,1065260.0,-1.0,0.0,1062575.0,-1.0,-1.0,1069270.0,944.0,-125.0,0.0,-635.0
181,940.0,943.8707603456965,1.0,1.0,1062160.0,1.0,1.0,1059475.0,-1.0,-1.0,1064170.0,933.8,-3100.0,-3100.0,-5100.0
182,936.22,945.0027781381058,1.0,1.0,1062550.0,1.0,0.0,1059475.0,-1.0,-1.0,1065770.0,937.0,390.0,0.0,1600.0
183,941.89,934.2612989690596,-1.0,-1.0,1053495.0,-1.0,-1.0,1050420.0,-1.0,-1.0,1077270.0,960.0,-9055.0,-9055.0,11500.0
184,960.9,940.9294088295136,-1.0,-1.0,1051540.0,-1.0,0.0,1050420.0,-1.0,-1.0,1079675.0,964.81,-1955.0,0.0,2405.0
185,968.8,961.8670931942537,-1.0,-1.0,1048940.0,-1.0,0.0,1050420.0,-1.0,-1.0,1084270.0,974.0,-2600.0,0.0,4595.0
186,976.0,965.9352513844188,-1.0,-1.0,1053205.0,-1.0,0.0,1050420.0,-1.0,-1.0,1081005.0,967.47,4265.0,0.0,-3265.0
187,967.71,972.5421899182531,1.0,1.0,1055425.0,1.0,1.0,1052640.0,-1.0,-1.0,1083345.0,972.15,2220.0,2220.0,2340.0
188,971.76,974.3204251746976,1.0,1.0,1053430.0,1.0,0.0,1052640.0,-1.0,-1.0,1081155.0,967.77,-1995.0,0.0,-2190.0
189,968.68,971.3592691118507,1.0,1.0,1061495.0,1.0,0.0,1052640.0,-1.0,-1.0,1089675.0,984.81,8065.0,0.0,8520.0
190,987.3,974.2338878741597,-1.0,-1.0,1058490.0,-1.0,-1.0,1049635.0,-1.0,-1.0,1093925.0,993.31,-3005.0,-3005.0,4250.0
191,993.95,986.6198006035713,-1.0,-1.0,1059305.0,-1.0,0.0,1049635.0,-1.0,-1.0,1093430.0,992.32,815.0,0.0,-495.0
192,992.53,991.1670447713595,-1.0,-1.0,1061670.0,-1.0,0.0,1049635.0,-1.0,-1.0,1091170.0,987.8,2365.0,0.0,-2260.0
193,989.07,993.3264032202172,1.0,1.0,1069880.0,1.0,1.0,1057845.0,-1.0,-1.0,1100015.0,1005.49,8210.0,8210.0,8845.0
194,1005.65,991.8643301964838,-1.0,-1.0,1069560.0,-1.0,-1.0,1057525.0,-1.0,-1.0,1100415.0,1006.29,-320.0,-320.0,400.0
195,1009.84,1007.3621435857144,-1.0,-1.0,1069625.0,-1.0,0.0,1057525.0,-1.0,-1.0,1102125.0,1009.71,65.0,0.0,1710.0
196,1010.0,1009.5993468720959,-1.0,-1.0,1070310.0,-1.0,0.0,1057525.0,-1.0,-1.0,1101585.0,1008.63,685.0,0.0,-540.0
197,1007.02,1010.8812782763288,1.0,1.0,1071820.0,1.0,1.0,1059035.0,-1.0,-1.0,1102290.0,1010.04,1510.0,1510.0,705.0
198,1012.5,1010.6989695687047,-1.0,-1.0,1071895.0,-1.0,-1.0,1059110.0,-1.0,-1.0,1103445.0,1012.35,75.0,75.0,1155.0
199,1009.4,1011.3978846498268,1.0,1.0,1068115.0,1.0,1.0,1055330.0,-1.0,-1.0,1098190.0,1001.84,-3780.0,-3780.0,-5255.0
200,1004.5,1013.2273175667948,1.0,1.0,1068490.0,1.0,0.0,1055330.0,-1.0,-1.0,1099895.0,1005.25,375.0,0.0,1705.0
201,1006.04,1006.3195570850895,1.0,1.0,1058960.0,1.0,0.0,1055330.0,-1.0,-1.0,1090760.0,986.98,-9530.0,0.0,-9135.0
202,988.0,1006.4604944876967,1.0,1.0,1059205.0,1.0,0.0,1055330.0,-1.0,-1.0,1091515.0,988.49,245.0,0.0,755.0
203,986.8,986.8417772627226,1.0,1.0,1062800.0,1.0,0.0,1055330.0,-1.0,-1.0,1094265.0,993.99,3595.0,0.0,2750.0
204,995.0,989.4545650086257,-1.0,-1.0,1050800.0,-1.0,-1.0,1043330.0,-1.0,-1.0,1106770.0,1019.0,-12000.0,-12000.0,12505.0
205,1018.0,995.2586050648638,-1.0,-1.0,1042250.0,-1.0,0.0,1043330.0,-1.0,-1.0,1114820.0,1035.1,-8550.0,0.0,8050.0
206,1032.65,1021.8394339219008,-1.0,-1.0,1043060.0,-1.0,0.0,1043330.0,-1.0,-1.0,1112785.0,1031.03,810.0,0.0,-2035.0
207,1034.0,1036.95122543686,1.0,1.0,1042460.0,1.0,1.0,1042730.0,-1.0,-1.0,1113670.0,1032.8,-600.0,-600.0,885.0
208,1037.34,1031.7323568929903,-1.0,-1.0,1041440.0,-1.0,-1.0,1041710.0,-1.0,-1.0,1116960.0,1039.38,-1020.0,-1020.0,3290.0
209,1040.0,1037.1953217373896,-1.0,-1.0,1039470.0,-1.0,0.0,1041710.0,-1.0,-1.0,1119240.0,1043.94,-1970.0,0.0,2280.0
210,1045.0,1041.5087147456372,-1.0,-1.0,1038020.0,-1.0,0.0,1041710.0,-1.0,-1.0,1121220.0,1047.9,-1450.0,0.0,1980.0
211,1049.55,1045.0352850549527,-1.0,-1.0,1041045.0,-1.0,0.0,1041710.0,-1.0,-1.0,1119020.0,1043.5,3025.0,0.0,-2200.0
212,1044.52,1047.0621741359382,1.0,1.0,1045210.0,1.0,1.0,1045875.0,-1.0,-1.0,1123695.0,1052.85,4165.0,4165.0,4675.0
213,1052.25,1048.3350061154747,-1.0,-1.0,1042190.0,-1.0,-1.0,1042855.0,-1.0,-1.0,1126415.0,1058.29,-3020.0,-3020.0,2720.0
214,1053.36,1053.0480082239771,-1.0,-1.0,1044960.0,-1.0,0.0,1042855.0,-1.0,-1.0,1121180.0,1047.82,2770.0,0.0,-5235.0
215,1045.0,1059.593132520344,1.0,1.0,1044455.0,1.0,1.0,1042350.0,-1.0,-1.0,1119265.0,1043.99,-505.0,-505.0,-1915.0
216,1042.96,1046.025472510822,1.0,1.0,1042820.0,1.0,0.0,1042350.0,-1.0,-1.0,1117115.0,1039.69,-1635.0,0.0,-2150.0
217,1040.75,1044.8583409846435,1.0,1.0,1043265.0,1.0,0.0,1042350.0,-1.0,-1.0,1118090.0,1041.64,445.0,0.0,975.0
218,1034.0,1040.3476764200045,1.0,1.0,1045215.0,1.0,0.0,1042350.0,-1.0,-1.0,1116220.0,1037.9,1950.0,0.0,-1870.0
219,1043.25,1042.4887768174844,-1.0,-1.0,1042855.0,-1.0,-1.0,1039990.0,-1.0,-1.0,1121255.0,1047.97,-2360.0,-2360.0,5035.0
220,1050.2,1040.1380837319693,-1.0,-1.0,1050850.0,-1.0,0.0,1039990.0,-1.0,-1.0,1114375.0,1034.21,7995.0,0.0,-6880.0
221,1035.65,1048.496820852045,1.0,1.0,1050355.0,1.0,1.0,1039495.0,-1.0,-1.0,1114600.0,1034.66,-495.0,-495.0,225.0
222,1038.82,1040.1340778872257,1.0,1.0,1055570.0,1.0,0.0,1039495.0,-1.0,-1.0,1121895.0,1049.25,5215.0,0.0,7295.0
223,1052.3,1038.0527684335561,-1.0,-1.0,1055760.0,-1.0,-1.0,1039685.0,-1.0,-1.0,1123230.0,1051.92,190.0,190.0,1335.0
224,1054.25,1050.6317266330213,-1.0,-1.0,1055385.0,-1.0,0.0,1039685.0,-1.0,-1.0,1124770.0,1055.0,-375.0,0.0,1540.0
225,1059.49,1054.5742107214207,-1.0,-1.0,1049125.0,-1.0,0.0,1039685.0,-1.0,-1.0,1133275.0,1072.01,-6260.0,0.0,8505.0
226,1074.69,1058.6139783430826,-1.0,-1.0,1055525.0,-1.0,0.0,1039685.0,-1.0,-1.0,1128215.0,1061.89,6400.0,0.0,-5060.0
227,1063.0,1065.427195648906,1.0,1.0,1042655.0,1.0,1.0,1026815.0,-1.0,-1.0,1115900.0,1037.26,-12870.0,-12870.0,-12315.0
228,1043.79,1062.2305020989716,1.0,1.0,1038845.0,1.0,0.0,1026815.0,-1.0,-1.0,1115355.0,1036.17,-3810.0,0.0,-545.0
229,1028.31,1036.6440850544934,1.0,1.0,1037190.0,1.0,0.0,1026815.0,-1.0,-1.0,1109770.0,1025.0,-1655.0,0.0,-5585.0
230,1028.31,1036.9900486657914,1.0,1.0,1029035.0,1.0,0.0,1026815.0,-1.0,-1.0,1103270.0,1012.0,-8155.0,0.0,-6500.0
231,1005.0,1025.1260937950437,1.0,1.0,1036785.0,1.0,0.0,1026815.0,-1.0,-1.0,1107520.0,1020.5,7750.0,0.0,4250.0
232,1017.42,1016.8731392864456,-1.0,-1.0,1027655.0,-1.0,-1.0,1017685.0,-1.0,-1.0,1115110.0,1035.68,-9130.0,-9130.0,7590.0
233,1035.83,1026.056735823578,-1.0,-1.0,1023035.0,-1.0,0.0,1017685.0,-1.0,-1.0,1119805.0,1045.07,-4620.0,0.0,4695.0
234,1049.48,1037.325400466377,-1.0,-1.0,1023720.0,-1.0,0.0,1017685.0,-1.0,-1.0,1121325.0,1048.11,685.0,0.0,1520.0
235,1053.66,1046.4029511456163,-1.0,-1.0,1024565.0,-1.0,0.0,1017685.0,-1.0,-1.0,1123255.0,1051.97,845.0,0.0,1930.0
236,1053.99,1053.6288105413157,-1.0,-1.0,1027555.0,-1.0,0.0,1017685.0,-1.0,-1.0,1121275.0,1048.01,2990.0,0.0,-1980.0
237,1050.95,1051.4086960384288,1.0,1.0,1027775.0,1.0,1.0,1017905.0,-1.0,-1.0,1122965.0,1051.39,220.0,220.0,1690.0
238,1053.38,1052.1396106647335,-1.0,-1.0,1026965.0,-1.0,-1.0,1017095.0,-1.0,-1.0,1124770.0,1055.0,-810.0,-810.0,1805.0
239,1051.39,1052.611383053071,1.0,1.0,1036770.0,1.0,1.0,1026900.0,-1.0,-1.0,1132770.0,1071.0,9805.0,9805.0,8000.0
240,1077.0,1060.907626640352,-1.0,-1.0,1032725.0,-1.0,-1.0,1022855.0,-1.0,-1.0,1139815.0,1085.09,-4045.0,-4045.0,7045.0
241,1085.35,1072.7700185736674,-1.0,-1.0,1036900.0,-1.0,0.0,1022855.0,-1.0,-1.0,1135770.0,1077.0,4175.0,0.0,-4045.0
242,1081.0,1082.3236176632734,1.0,1.0,1033180.0,1.0,1.0,1019135.0,-1.0,-1.0,1134050.0,1073.56,-3720.0,-3720.0,-1720.0
243,1074.98,1077.583314295545,1.0,1.0,1031115.0,1.0,0.0,1019135.0,-1.0,-1.0,1132695.0,1070.85,-2065.0,0.0,-1355.0
244,1070.51,1074.2485464831861,1.0,1.0,1030290.0,1.0,0.0,1019135.0,-1.0,-1.0,1131700.0,1068.86,-825.0,0.0,-995.0
245,1067.39,1071.889377977912,1.0,1.0,1029520.0,1.0,0.0,1019135.0,-1.0,-1.0,1130195.0,1065.85,-770.0,0.0,-1505.0
246,1066.45,1069.9936337928489,1.0,1.0,1026395.0,1.0,0.0,1019135.0,-1.0,-1.0,1127370.0,1060.2,-3125.0,0.0,-2825.0
247,1062.0,1065.181301864068,1.0,1.0,1022960.0,1.0,0.0,1019135.0,-1.0,-1.0,1124835.0,1055.13,-3435.0,0.0,-2535.0
248,1057.33,1061.0212366352157,1.0,1.0,1020760.0,1.0,0.0,1019135.0,-1.0,-1.0,1123735.0,1052.93,-2200.0,0.0,-1100.0
249,1054.0,1055.8975305394918,1.0,1.0,1030760.0,1.0,0.0,1019135.0,-1.0,-1.0,1134270.0,1074.0,10000.0,0.0,10535.0
250,1073.53,1055.365306865105,-1.0,-1.0,1021150.0,-1.0,-1.0,1009525.0,-1.0,-1.0,1143645.0,1092.75,-9610.0,-9610.0,9375.0
251,1095.72,1075.8723379231822,-1.0,-1.0,1021130.0,-1.0,0.0,1009525.0,-1.0,-1.0,1145150.0,1095.76,-20.0,0.0,1505.0
252,1101.0,1094.6126024397977,-1.0,-1.0,1016705.0,-1.0,0.0,1009525.0,-1.0,-1.0,1152195.0,1109.85,-4425.0,0.0,7045.0
253,1111.0,1099.4159450239592,-1.0,-1.0,1015255.0,-1.0,0.0,1009525.0,-1.0,-1.0,1154220.0,1113.9,-1450.0,0.0,2025.0
254,1114.98,1111.4266802978577,-1.0,-1.0,1017090.0,-1.0,0.0,1009525.0,-1.0,-1.0,1152925.0,1111.31,1835.0,0.0,-1295.0
255,1108.37,1113.646645399247,1.0,1.0,1017975.0,1.0,1.0,1010410.0,-1.0,-1.0,1152340.0,1110.14,885.0,885.0,-585.0
256,1112.59,1112.4325743674626,-1.0,-1.0,1018100.0,-1.0,-1.0,1010535.0,-1.0,-1.0,1153440.0,1112.34,125.0,125.0,1100.0
257,1118.87,1111.1258918185626,-1.0,-1.0,1011950.0,-1.0,0.0,1010535.0,-1.0,-1.0,1162855.0,1131.17,-6150.0,0.0,9415.0
258,1141.58,1115.0457397168814,-1.0,-1.0,1018795.0,-1.0,0.0,1010535.0,-1.0,-1.0,1161215.0,1127.89,6845.0,0.0,-1640.0
259,1135.81,1132.5574279076766,-1.0,-1.0,1017305.0,-1.0,0.0,1010535.0,-1.0,-1.0,1166665.0,1138.79,-1490.0,0.0,5450.0
260,1140.0,1134.0844392209956,-1.0,-1.0,1019225.0,-1.0,0.0,1010535.0,-1.0,-1.0,1165350.0,1136.16,1920.0,0.0,-1315.0
261,1138.42,1140.424517120789,1.0,1.0,1021765.0,1.0,1.0,1013075.0,-1.0,-1.0,1169020.0,1143.5,2540.0,2540.0,3670.0
262,1141.67,1137.3437052787472,-1.0,-1.0,1008600.0,-1.0,-1.0,999910.0,-1.0,-1.0,1181270.0,1168.0,-13165.0,-13165.0,12250.0
263,1166.78,1145.2733656819341,-1.0,-1.0,1004165.0,-1.0,0.0,999910.0,-1.0,-1.0,1185095.0,1175.65,-4435.0,0.0,3825.0
264,1179.0,1170.4256926922285,-1.0,-1.0,1008640.0,-1.0,0.0,999910.0,-1.0,-1.0,1182295.0,1170.05,4475.0,0.0,-2800.0
265,1176.79,1176.8774016803372,1.0,1.0,1010995.0,1.0,1.0,1002265.0,-1.0,-1.0,1188020.0,1181.5,2355.0,2355.0,5725.0
266,1184.6,1174.9754204984347,-1.0,-1.0,1008295.0,-1.0,-1.0,999565.0,-1.0,-1.0,1192270.0,1190.0,-2700.0,-2700.0,4250.0
267,1185.38,1183.4154934515054,-1.0,-1.0,1006985.0,-1.0,0.0,999565.0,-1.0,-1.0,1191270.0,1188.0,-1310.0,0.0,-1000.0
268,1183.34,1184.621607908995,1.0,1.0,1004520.0,1.0,1.0,997100.0,-1.0,-1.0,1186475.0,1178.41,-2465.0,-2465.0,-4795.0
269,1182.0,1187.2882308941898,1.0,1.0,1007520.0,1.0,0.0,997100.0,-1.0,-1.0,1191270.0,1188.0,3000.0,0.0,4795.0
270,1185.0,1180.7247483248575,-1.0,-1.0,1022970.0,-1.0,-1.0,1012550.0,-1.0,-1.0,1174320.0,1154.1,15450.0,15450.0,-16950.0
271,1139.0,1182.2596988204996,1.0,1.0,1011845.0,1.0,1.0,1001425.0,-1.0,-1.0,1155645.0,1116.75,-11125.0,-11125.0,-18675.0
272,1111.55,1143.6880141023876,1.0,1.0,984570.0,1.0,0.0,1001425.0,-1.0,-1.0,1125770.0,1057.0,-27275.0,0.0,-29875.0
273,1058.0,1115.7436217555114,1.0,1.0,996070.0,1.0,0.0,1001425.0,-1.0,-1.0,1137770.0,1081.0,11500.0,0.0,12000.0
274,1078.0,1069.671424851575,-1.0,-1.0,1010870.0,-1.0,-1.0,1016225.0,-1.0,-1.0,1121470.0,1048.4,14800.0,14800.0,-16300.0
275,1054.07,1066.57027104925,1.0,1.0,990035.0,1.0,1.0,995390.0,-1.0,-1.0,1103470.0,1012.4,-20835.0,-20835.0,-18000.0
276,1016.78,1047.2430565634818,1.0,1.0,1004695.0,1.0,0.0,995390.0,-1.0,-1.0,1120320.0,1046.1,14660.0,0.0,16850.0
277,1059.54,1020.8568837314774,-1.0,-1.0,1007735.0,-1.0,-1.0,998430.0,-1.0,-1.0,1124000.0,1053.46,3040.0,3040.0,3680.0
278,1050.65,1046.4081912916445,-1.0,-1.0,1005990.0,-1.0,0.0,998430.0,-1.0,-1.0,1124340.0,1054.14,-1745.0,0.0,340.0
279,1060.42,1056.4154056042107,-1.0,-1.0,999850.0,-1.0,0.0,998430.0,-1.0,-1.0,1133620.0,1072.7,-6140.0,0.0,9280.0
280,1081.38,1057.288691589828,-1.0,-1.0,993545.0,-1.0,0.0,998430.0,-1.0,-1.0,1144265.0,1093.99,-6305.0,0.0,10645.0
281,1098.24,1073.824826361913,-1.0,-1.0,994915.0,-1.0,0.0,998430.0,-1.0,-1.0,1145020.0,1095.5,1370.0,0.0,755.0
282,1093.93,1094.9314330252378,1.0,1.0,999450.0,1.0,1.0,1002965.0,-1.0,-1.0,1148770.0,1103.0,4535.0,4535.0,3750.0
283,1103.35,1099.1220264954386,-1.0,-1.0,995125.0,-1.0,-1.0,998640.0,-1.0,-1.0,1153270.0,1112.0,-4325.0,-4325.0,4500.0
284,1105.74,1104.5186424230783,-1.0,-1.0,990495.0,-1.0,0.0,998640.0,-1.0,-1.0,1154770.0,1115.0,-4630.0,0.0,1500.0
285,1115.27,1113.5694579253986,-1.0,-1.0,984055.0,-1.0,0.0,998640.0,-1.0,-1.0,1161345.0,1128.15,-6440.0,0.0,6575.0
286,1130.8,1119.2586010044427,-1.0,-1.0,976955.0,-1.0,0.0,998640.0,-1.0,-1.0,1169770.0,1145.0,-7100.0,0.0,8425.0
287,1140.63,1131.53712322171,-1.0,-1.0,987520.0,-1.0,0.0,998640.0,-1.0,-1.0,1157020.0,1119.5,10565.0,0.0,-12750.0
288,1120.67,1143.162621990498,1.0,1.0,979145.0,1.0,1.0,990265.0,-1.0,-1.0,1149230.0,1103.92,-8375.0,-8375.0,-7790.0
289,1102.31,1118.9440524943398,1.0,1.0,965335.0,1.0,0.0,990265.0,-1.0,-1.0,1134615.0,1074.69,-13810.0,0.0,-14615.0
290,1066.76,1103.833776530092,1.0,1.0,973945.0,1.0,0.0,990265.0,-1.0,-1.0,1139260.0,1083.98,8610.0,0.0,4645.0
291,1083.0,1080.6870622639751,-1.0,-1.0,968065.0,-1.0,-1.0,984385.0,-1.0,-1.0,1144650.0,1094.76,-5880.0,-5880.0,5390.0
292,1100.0,1085.1522709329986,-1.0,-1.0,976865.0,-1.0,0.0,984385.0,-1.0,-1.0,1138470.0,1082.4,8800.0,0.0,-6180.0
293,1090.07,1094.3126927603887,1.0,1.0,989025.0,1.0,1.0,996545.0,-1.0,-1.0,1154465.0,1114.39,12160.0,12160.0,15995.0
294,1116.57,1093.8960415979302,-1.0,-1.0,982310.0,-1.0,-1.0,989830.0,-1.0,-1.0,1162270.0,1130.0,-6715.0,-6715.0,7805.0
295,1128.26,1116.1763604828723,-1.0,-1.0,966690.0,-1.0,0.0,989830.0,-1.0,-1.0,1177020.0,1159.5,-15620.0,0.0,14750.0
296,1164.67,1131.4572860564608,-1.0,-1.0,966525.0,-1.0,0.0,989830.0,-1.0,-1.0,1179770.0,1165.0,-165.0,0.0,2750.0
297,1165.53,1161.3024320504048,-1.0,-1.0,979790.0,-1.0,0.0,989830.0,-1.0,-1.0,1166770.0,1139.0,13265.0,0.0,-13000.0
298,1147.0,1166.1770713459089,1.0,1.0,980735.0,1.0,1.0,990775.0,-1.0,-1.0,1171715.0,1148.89,945.0,945.0,4945.0
299,1150.0,1149.938046095324,-1.0,-1.0,980430.0,-1.0,-1.0,990470.0,-1.0,-1.0,1172575.0,1150.61,-305.0,-305.0,860.0
300,1151.26,1150.2149213727746,-1.0,-1.0,988850.0,-1.0,0.0,990470.0,-1.0,-1.0,1164480.0,1134.42,8420.0,0.0,-8095.0
301,1118.88,1147.9362346377486,1.0,1.0,978830.0,1.0,1.0,980450.0,-1.0,-1.0,1146690.0,1098.84,-10020.0,-10020.0,-17790.0
302,1102.53,1134.6141447731752,1.0,1.0,976465.0,1.0,0.0,980450.0,-1.0,-1.0,1146170.0,1097.8,-2365.0,0.0,-520.0
303,1095.64,1095.9088824228995,1.0,1.0,976140.0,1.0,0.0,980450.0,-1.0,-1.0,1144765.0,1094.99,-325.0,0.0,-1405.0
304,1082.89,1095.6185778363183,1.0,1.0,955695.0,1.0,0.0,980450.0,-1.0,-1.0,1118270.0,1042.0,-20445.0,0.0,-26495.0
305,1041.41,1093.7237145833583,1.0,1.0,949310.0,1.0,0.0,980450.0,-1.0,-1.0,1111590.0,1028.64,-6385.0,0.0,-6680.0
306,1044.93,1046.6929484265233,1.0,1.0,954795.0,1.0,0.0,980450.0,-1.0,-1.0,1125220.0,1055.9,5485.0,0.0,13630.0
307,1065.01,1042.0675260759424,-1.0,-1.0,981800.0,-1.0,-1.0,1007455.0,-1.0,-1.0,1102770.0,1011.0,27005.0,27005.0,-22450.0
308,999.27,1042.376176786161,1.0,1.0,986555.0,1.0,1.0,1012210.0,-1.0,-1.0,1101660.0,1008.78,4755.0,4755.0,-1110.0
309,1012.34,1009.1996830829562,-1.0,-1.0,974225.0,-1.0,-1.0,999880.0,-1.0,-1.0,1115770.0,1037.0,-12330.0,-12330.0,14110.0
310,1032.0,1012.2665230265152,-1.0,-1.0,983855.0,-1.0,0.0,999880.0,-1.0,-1.0,1103640.0,1012.74,9630.0,0.0,-12130.0
311,1014.94,1036.6816005384026,1.0,1.0,985305.0,1.0,1.0,1001330.0,-1.0,-1.0,1106190.0,1017.84,1450.0,1450.0,2550.0
312,999.04,1003.0734238307224,1.0,1.0,1003785.0,1.0,0.0,1001330.0,-1.0,-1.0,1115270.0,1036.0,18480.0,0.0,9080.0
313,1038.88,1022.0846314123663,-1.0,-1.0,1014850.0,-1.0,-1.0,1012395.0,-1.0,-1.0,1105645.0,1016.75,11065.0,11065.0,-9625.0
314,1022.5,1025.3007499773512,1.0,1.0,1008475.0,1.0,1.0,1006020.0,-1.0,-1.0,1102145.0,1009.75,-6375.0,-6375.0,-3500.0
315,1021.65,1021.6505541451073,1.0,1.0,1008650.0,1.0,0.0,1006020.0,-1.0,-1.0,1108270.0,1022.0,175.0,0.0,6125.0
316,1037.0,1016.3284563806627,-1.0,-1.0,1010150.0,-1.0,-1.0,1007520.0,-1.0,-1.0,1114270.0,1034.0,1500.0,1500.0,6000.0
317,1033.0,1032.4951781899933,-1.0,-1.0,1014120.0,-1.0,0.0,1007520.0,-1.0,-1.0,1109800.0,1025.06,3970.0,0.0,-4470.0
318,1032.89,1033.9862788090247,1.0,1.0,1015675.0,1.0,1.0,1009075.0,-1.0,-1.0,1115270.0,1036.0,1555.0,1555.0,5470.0
319,1040.25,1025.8865503281274,-1.0,-1.0,1017780.0,-1.0,-1.0,1011180.0,-1.0,-1.0,1115290.0,1036.04,2105.0,2105.0,20.0
320,1042.0,1040.1331321407652,-1.0,-1.0,1013780.0,-1.0,0.0,1011180.0,-1.0,-1.0,1122270.0,1050.0,-4000.0,0.0,6980.0
321,1055.5,1041.3215205712993,-1.0,-1.0,1001045.0,-1.0,0.0,1011180.0,-1.0,-1.0,1137755.0,1080.97,-12735.0,0.0,15485.0
322,1083.79,1051.14320842291,-1.0,-1.0,1003970.0,-1.0,0.0,1011180.0,-1.0,-1.0,1136240.0,1077.94,2925.0,0.0,-1515.0
323,1076.48,1080.4554571811977,1.0,1.0,1010730.0,1.0,1.0,1017940.0,-1.0,-1.0,1142270.0,1090.0,6760.0,6760.0,6030.0
324,1084.54,1080.7210777757793,-1.0,-1.0,1013060.0,-1.0,-1.0,1020270.0,-1.0,-1.0,1137210.0,1079.88,2330.0,2330.0,-5060.0
325,1079.2,1076.9297251995765,-1.0,-1.0,1017925.0,-1.0,0.0,1020270.0,-1.0,-1.0,1132005.0,1069.47,4865.0,0.0,-5205.0
326,1075.11,1076.0454858734565,1.0,1.0,993585.0,1.0,1.0,995930.0,-1.0,-1.0,1110485.0,1026.43,-24340.0,-24340.0,-21520.0
327,1026.55,1070.126247854424,1.0,1.0,998310.0,1.0,0.0,995930.0,-1.0,-1.0,1115270.0,1036.0,4725.0,0.0,4785.0
328,1031.82,1037.6351439292619,1.0,1.0,1005900.0,1.0,0.0,995930.0,-1.0,-1.0,1120770.0,1047.0,7590.0,0.0,5500.0
329,1050.79,1037.02922942641,-1.0,-1.0,1016180.0,-1.0,-1.0,1006210.0,-1.0,-1.0,1112385.0,1030.23,10280.0,10280.0,-8385.0
330,1035.0,1047.6657838575286,1.0,1.0,1008680.0,1.0,1.0,998710.0,-1.0,-1.0,1107270.0,1020.0,-7500.0,-7500.0,-5115.0
331,1019.6,1030.7300689477715,1.0,1.0,1018880.0,1.0,0.0,998710.0,-1.0,-1.0,1117270.0,1040.0,10200.0,0.0,10000.0
332,1043.76,1023.7235436776497,-1.0,-1.0,1027605.0,-1.0,-1.0,1007435.0,-1.0,-1.0,1110425.0,1026.31,8725.0,8725.0,-6845.0
333,1027.13,1032.5756786284603,1.0,1.0,1026290.0,1.0,1.0,1006120.0,-1.0,-1.0,1109520.0,1024.5,-1315.0,-1315.0,-905.0
334,1028.5,1028.4140364267553,-1.0,-1.0,1015190.0,-1.0,-1.0,995020.0,-1.0,-1.0,1122620.0,1050.7,-11100.0,-11100.0,13100.0
335,1055.82,1025.0938683185893,-1.0,-1.0,1013600.0,-1.0,0.0,995020.0,-1.0,-1.0,1126770.0,1059.0,-1590.0,0.0,4150.0
336,1060.0,1051.471573931192,-1.0,-1.0,1014245.0,-1.0,0.0,995020.0,-1.0,-1.0,1126625.0,1058.71,645.0,0.0,-145.0
337,1062.78,1061.3011118093484,-1.0,-1.0,999585.0,-1.0,0.0,995020.0,-1.0,-1.0,1143320.0,1092.1,-14660.0,0.0,16695.0
338,1090.65,1060.024071111055,-1.0,-1.0,992910.0,-1.0,0.0,995020.0,-1.0,-1.0,1149270.0,1104.0,-6675.0,0.0,5950.0
339,1101.0,1093.490093426518,-1.0,-1.0,991860.0,-1.0,0.0,995020.0,-1.0,-1.0,1148820.0,1103.1,-1050.0,0.0,-450.0
340,1105.0,1105.0762626969445,1.0,1.0,992610.0,1.0,1.0,995770.0,-1.0,-1.0,1150520.0,1106.5,750.0,750.0,1700.0
341,1103.01,1104.2590122648328,1.0,1.0,983105.0,1.0,0.0,995770.0,-1.0,-1.0,1139270.0,1084.0,-9505.0,0.0,-11250.0
342,1083.5,1107.999880874286,1.0,1.0,985230.0,1.0,0.0,995770.0,-1.0,-1.0,1141145.0,1087.75,2125.0,0.0,1875.0
343,1083.16,1084.1507072242828,1.0,1.0,984280.0,1.0,0.0,995770.0,-1.0,-1.0,1137900.0,1081.26,-950.0,0.0,-3245.0
344,1081.69,1089.2308064172169,1.0,1.0,978210.0,1.0,0.0,995770.0,-1.0,-1.0,1132045.0,1069.55,-6070.0,0.0,-5855.0
345,1075.0,1080.7101972357084,1.0,1.0,983160.0,1.0,0.0,995770.0,-1.0,-1.0,1139720.0,1084.9,4950.0,0.0,7675.0
346,1089.34,1074.1804370515972,-1.0,-1.0,989555.0,-1.0,-1.0,1002165.0,-1.0,-1.0,1135545.0,1076.55,6395.0,6395.0,-4175.0
347,1065.0,1085.5194799351673,1.0,1.0,999085.0,1.0,1.0,1011695.0,-1.0,-1.0,1139300.0,1084.06,9530.0,9530.0,3755.0
348,1084.49,1078.9861504581559,-1.0,-1.0,998605.0,-1.0,-1.0,1011215.0,-1.0,-1.0,1139995.0,1085.45,-480.0,-480.0,695.0
349,1086.5,1087.4275487701534,1.0,1.0,997355.0,1.0,1.0,1009965.0,-1.0,-1.0,1139270.0,1084.0,-1250.0,-1250.0,-725.0
350,1073.36,1082.488476510086,1.0,1.0,996210.0,1.0,0.0,1009965.0,-1.0,-1.0,1132805.0,1071.07,-1145.0,0.0,-6465.0
351,1074.84,1085.2914601255097,1.0,1.0,996905.0,1.0,0.0,1009965.0,-1.0,-1.0,1135385.0,1076.23,695.0,0.0,2580.0
352,1078.54,1072.2117297377147,-1.0,-1.0,983175.0,-1.0,-1.0,996235.0,-1.0,-1.0,1150270.0,1106.0,-13730.0,-13730.0,14885.0
353,1109.0,1080.9297537503073,-1.0,-1.0,969730.0,-1.0,0.0,996235.0,-1.0,-1.0,1165215.0,1135.89,-13445.0,0.0,14945.0
354,1138.57,1107.2444311832433,-1.0,-1.0,963015.0,-1.0,0.0,996235.0,-1.0,-1.0,1173270.0,1152.0,-6715.0,0.0,8055.0
355,1155.25,1136.5814889578528,-1.0,-1.0,965130.0,-1.0,0.0,996235.0,-1.0,-1.0,1172780.0,1151.02,2115.0,0.0,-490.0
356,1153.0,1152.8350811032426,-1.0,-1.0,969135.0,-1.0,0.0,996235.0,-1.0,-1.0,1169765.0,1144.99,4005.0,0.0,-3015.0
357,1145.5,1151.232116204875,1.0,1.0,963220.0,1.0,1.0,990320.0,-1.0,-1.0,1164105.0,1133.67,-5915.0,-5915.0,-5660.0
358,1125.0,1140.937057360057,1.0,1.0,967720.0,1.0,0.0,990320.0,-1.0,-1.0,1164270.0,1134.0,4500.0,0.0,165.0
359,1132.5,1132.7254598898915,1.0,1.0,972470.0,1.0,0.0,990320.0,-1.0,-1.0,1168270.0,1142.0,4750.0,0.0,4000.0
360,1141.73,1136.319590630033,-1.0,-1.0,968360.0,-1.0,-1.0,986210.0,-1.0,-1.0,1172245.0,1149.95,-4110.0,-4110.0,3975.0
361,1152.0,1144.6376964235667,-1.0,-1.0,972360.0,-1.0,0.0,986210.0,-1.0,-1.0,1169270.0,1144.0,4000.0,0.0,-2975.0
362,1144.0,1149.2644570691134,1.0,1.0,981610.0,1.0,1.0,995460.0,-1.0,-1.0,1178520.0,1162.5,9250.0,9250.0,9250.0
363,1157.9,1147.060069687973,-1.0,-1.0,980925.0,-1.0,-1.0,994775.0,-1.0,-1.0,1176905.0,1159.27,-685.0,-685.0,-1615.0
364,1154.38,1159.1283379927045,1.0,1.0,993235.0,1.0,1.0,1007085.0,-1.0,-1.0,1186770.0,1179.0,12310.0,12310.0,9865.0
365,1165.0,1159.5763877074198,-1.0,-1.0,986390.0,-1.0,-1.0,1000240.0,-1.0,-1.0,1186615.0,1178.69,-6845.0,-6845.0,-155.0
366,1182.1,1180.3252936901574,-1.0,-1.0,983665.0,-1.0,0.0,1000240.0,-1.0,-1.0,1191045.0,1187.55,-2725.0,0.0,4430.0
367,1182.67,1178.4311908660354,-1.0,-1.0,991005.0,-1.0,0.0,1000240.0,-1.0,-1.0,1181265.0,1167.99,7340.0,0.0,-9780.0
368,1171.99,1187.4677774585955,1.0,1.0,988355.0,1.0,1.0,997590.0,-1.0,-1.0,1180615.0,1166.69,-2650.0,-2650.0,-650.0
369,1155.18,1166.9550468445202,1.0,1.0,980765.0,1.0,0.0,997590.0,-1.0,-1.0,1167270.0,1140.0,-7590.0,0.0,-13345.0
370,1140.48,1164.0994210271606,1.0,1.0,976835.0,1.0,0.0,997590.0,-1.0,-1.0,1163580.0,1132.62,-3930.0,0.0,-3690.0
371,1120.1,1130.624447684327,1.0,1.0,975660.0,1.0,0.0,997590.0,-1.0,-1.0,1156145.0,1117.75,-1175.0,0.0,-7435.0
372,1118.2,1132.3955444961266,1.0,1.0,979950.0,1.0,0.0,997590.0,-1.0,-1.0,1160660.0,1126.78,4290.0,0.0,4515.0
373,1132.2,1131.4925727427833,-1.0,-1.0,982650.0,-1.0,-1.0,1000290.0,-1.0,-1.0,1160670.0,1126.8,2700.0,2700.0,10.0
374,1119.04,1124.650378814205,1.0,1.0,993880.0,1.0,1.0,1011520.0,-1.0,-1.0,1168020.0,1141.5,11230.0,11230.0,7350.0
375,1150.0,1132.6911773616298,-1.0,-1.0,1010730.0,-1.0,-1.0,1028370.0,-1.0,-1.0,1155420.0,1116.3,16850.0,16850.0,-12600.0
376,1126.0,1129.0819943960769,1.0,1.0,1017230.0,1.0,1.0,1034870.0,-1.0,-1.0,1166770.0,1139.0,6500.0,6500.0,11350.0
377,1139.5,1126.6645028877508,-1.0,-1.0,1009440.0,-1.0,-1.0,1027080.0,-1.0,-1.0,1174810.0,1155.08,-7790.0,-7790.0,8040.0
378,1160.0,1139.1242204304945,-1.0,-1.0,1005440.0,-1.0,0.0,1027080.0,-1.0,-1.0,1181270.0,1168.0,-4000.0,0.0,6460.0
379,1169.71,1155.2377614069442,-1.0,-1.0,1011795.0,-1.0,0.0,1027080.0,-1.0,-1.0,1175770.0,1157.0,6355.0,0.0,-5500.0
380,1159.81,1163.5802273548072,1.0,1.0,1017620.0,1.0,1.0,1032905.0,-1.0,-1.0,1183000.0,1171.46,5825.0,5825.0,7230.0
381,1177.67,1165.2972358111626,-1.0,-1.0,1004325.0,-1.0,-1.0,1019610.0,-1.0,-1.0,1199400.0,1204.26,-13295.0,-13295.0,16400.0
382,1203.0,1172.0312405112434,-1.0,-1.0,1003825.0,-1.0,0.0,1019610.0,-1.0,-1.0,1199270.0,1204.0,-500.0,0.0,-130.0
383,1204.2,1203.7516433079672,-1.0,-1.0,1014395.0,-1.0,0.0,1019610.0,-1.0,-1.0,1188800.0,1183.06,10570.0,0.0,-10470.0
384,1185.0,1201.9806683615245,1.0,1.0,1028880.0,1.0,1.0,1034095.0,-1.0,-1.0,1204255.0,1213.97,14485.0,14485.0,15455.0
385,1192.8,1183.2843819391928,-1.0,-1.0,1019280.0,-1.0,-1.0,1024495.0,-1.0,-1.0,1203270.0,1212.0,-9600.0,-9600.0,-985.0
386,1207.99,1204.3700555866205,-1.0,-1.0,1022770.0,-1.0,0.0,1024495.0,-1.0,-1.0,1197775.0,1201.01,3490.0,0.0,-5495.0
387,1203.5,1200.54758117514,-1.0,-1.0,1025520.0,-1.0,0.0,1024495.0,-1.0,-1.0,1196270.0,1198.0,2750.0,0.0,-1505.0
388,1195.9,1199.4197114450526,1.0,1.0,1054945.0,1.0,1.0,1053920.0,-1.0,-1.0,1224645.0,1254.75,29425.0,29425.0,28375.0
389,1256.8,1198.8446557409675,-1.0,-1.0,1055195.0,-1.0,-1.0,1054170.0,-1.0,-1.0,1225420.0,1256.3,250.0,250.0,775.0
390,1254.3,1252.2802719360593,-1.0,-1.0,1054245.0,-1.0,0.0,1054170.0,-1.0,-1.0,1225370.0,1256.2,-950.0,0.0,-50.0
391,1262.0,1256.918474732531,-1.0,-1.0,1042745.0,-1.0,0.0,1054170.0,-1.0,-1.0,1239770.0,1285.0,-11500.0,0.0,14400.0
392,1292.79,1268.2194421102831,-1.0,-1.0,1064700.0,-1.0,0.0,1054170.0,-1.0,-1.0,1221710.0,1248.88,21955.0,0.0,-18060.0
393,1249.5,1265.7918801456822,1.0,1.0,1055450.0,1.0,1.0,1044920.0,-1.0,-1.0,1212770.0,1231.0,-9250.0,-9250.0,-8940.0
394,1234.0,1245.7685570224996,1.0,1.0,1054250.0,1.0,0.0,1044920.0,-1.0,-1.0,1213070.0,1231.6,-1200.0,0.0,300.0
395,1231.99,1229.3359676226821,-1.0,-1.0,1053845.0,-1.0,-1.0,1044515.0,-1.0,-1.0,1213670.0,1232.8,-405.0,-405.0,600.0
396,1220.0,1225.8785649991314,1.0,1.0,1065345.0,1.0,1.0,1056015.0,-1.0,-1.0,1218770.0,1243.0,11500.0,11500.0,5100.0
397,1247.0,1235.8485005320285,-1.0,-1.0,1069765.0,-1.0,-1.0,1060435.0,-1.0,-1.0,1216350.0,1238.16,4420.0,4420.0,-2420.0
398,1240.0,1240.6402321247194,1.0,1.0,1067890.0,1.0,1.0,1058560.0,-1.0,-1.0,1215395.0,1236.25,-1875.0,-1875.0,-955.0
399,1243.33,1239.3927450965068,-1.0,-1.0,1060610.0,-1.0,-1.0,1051280.0,-1.0,-1.0,1226215.0,1257.89,-7280.0,-7280.0,10820.0
400,1260.7,1240.133045104176,-1.0,-1.0,1061035.0,-1.0,0.0,1051280.0,-1.0,-1.0,1227195.0,1259.85,425.0,0.0,980.0
401,1260.99,1259.0268025235696,-1.0,-1.0,1059080.0,-1.0,0.0,1051280.0,-1.0,-1.0,1229720.0,1264.9,-1955.0,0.0,2525.0
402,1261.74,1259.9583264370233,-1.0,-1.0,1063210.0,-1.0,0.0,1051280.0,-1.0,-1.0,1224010.0,1253.48,4130.0,0.0,-5710.0
403,1251.99,1264.1219861270474,1.0,1.0,1062660.0,1.0,1.0,1050730.0,-1.0,-1.0,1222715.0,1250.89,-550.0,-550.0,-1295.0
404,1259.0,1252.2139137479162,-1.0,-1.0,1062895.0,-1.0,-1.0,1050965.0,-1.0,-1.0,1226535.0,1258.53,235.0,235.0,3820.0
405,1247.0,1249.8901722513544,1.0,1.0,1055505.0,1.0,1.0,1043575.0,-1.0,-1.0,1213380.0,1232.22,-7390.0,-7390.0,-13155.0
406,1243.97,1249.2862550936654,1.0,1.0,1045515.0,1.0,0.0,1043575.0,-1.0,-1.0,1209265.0,1223.99,-9990.0,0.0,-4115.0
407,1220.37,1230.7950103126325,1.0,1.0,1043080.0,1.0,0.0,1043575.0,-1.0,-1.0,1205020.0,1215.5,-2435.0,0.0,-4245.0
408,1222.99,1222.920284272663,-1.0,-1.0,1043305.0,-1.0,-1.0,1043800.0,-1.0,-1.0,1208540.0,1222.54,225.0,225.0,3520.0
409,1227.0,1217.2391280421073,-1.0,-1.0,1052120.0,-1.0,0.0,1043800.0,-1.0,-1.0,1201955.0,1209.37,8815.0,0.0,-6585.0
410,1216.65,1218.3178110893125,1.0,1.0,1056165.0,1.0,1.0,1047845.0,-1.0,-1.0,1209640.0,1224.74,4045.0,4045.0,7685.0
411,1221.0,1218.9592063740804,-1.0,-1.0,1055415.0,-1.0,-1.0,1047095.0,-1.0,-1.0,1208520.0,1222.5,-750.0,-750.0,-1120.0
412,1225.5,1224.7635225582985,-1.0,-1.0,1049720.0,-1.0,0.0,1047095.0,-1.0,-1.0,1215715.0,1236.89,-5695.0,0.0,7195.0
413,1243.87,1228.3527795994494,-1.0,-1.0,1042710.0,-1.0,0.0,1047095.0,-1.0,-1.0,1226215.0,1257.89,-7010.0,0.0,10500.0
414,1257.51,1236.7320688533398,-1.0,-1.0,1047870.0,-1.0,0.0,1047095.0,-1.0,-1.0,1220865.0,1247.19,5160.0,0.0,-5350.0
415,1253.74,1255.3830664974755,1.0,1.0,1052015.0,1.0,1.0,1051240.0,-1.0,-1.0,1228285.0,1262.03,4145.0,4145.0,7420.0
416,1260.62,1251.8903145113527,-1.0,-1.0,1055825.0,-1.0,-1.0,1055050.0,-1.0,-1.0,1223770.0,1253.0,3810.0,3810.0,-4515.0
